{"cameraMode":{"drawMode":0,"name":"Shaded","section":"Shading Mode"},"sceneLighting":false,"audioPlay":false,"sceneViewState":{"m_AlwaysRefresh":false,"showFog":true,"showSkybox":false,"showFlares":true,"showImageEffects":true,"showParticleSystems":true,"showVisualEffectGraphs":true,"m_FxEnabled":true},"in2DMode":false,"pivot":{"x":0.26148611307144167,"y":0.13194182515144349,"z":12.803998947143555},"rotation":{"x":0.14438499510288239,"y":-0.09011539816856384,"z":0.013204720802605152,"w":0.9853245615959168},"size":1.3503707647323609,"orthographic":false}